,date,type,year,avg_price,size,nb_sold
0,2015-12-27,conventional,2015,0.95,small,9.63E+06
1,2015-12-20,conventional,2015,0.98,small,8.71E+06
2,2015-12-13,conventional,2015,0.93,small,9.86E+06
3,2015-12-06,conventional,2015,0.89,small,9.41E+06
4,2015-11-29,conventional,2015,0.99,small,8.10E+06
5,2015-11-22,conventional,2015,0.96,small,8.57E+06
6,2015-11-15,conventional,2015,0.92,small,9.91E+06
7,2015-11-08,conventional,2015,0.97,small,9.99E+06
8,2015-11-01,conventional,2015,0.97,small,1.01E+07
9,2015-10-25,conventional,2015,1.04,small,8.68E+06
10,2015-10-18,conventional,2015,0.99,small,9.16E+06
11,2015-10-11,conventional,2015,1,small,8.83E+06
12,2015-10-04,conventional,2015,1.02,small,8.35E+06
13,2015-09-27,conventional,2015,1.03,small,8.45E+06
14,2015-09-20,conventional,2015,1.02,small,9.42E+06
15,2015-09-13,conventional,2015,1.03,small,9.88E+06
16,2015-09-06,conventional,2015,1.02,small,1.26E+07
17,2015-08-30,conventional,2015,1.07,small,1.17E+07
18,2015-08-23,conventional,2015,1.08,small,1.13E+07
19,2015-08-16,conventional,2015,1.05,small,1.27E+07
20,2015-08-09,conventional,2015,1.05,small,1.30E+07
21,2015-08-02,conventional,2015,1.09,small,1.21E+07
22,2015-07-26,conventional,2015,1.07,small,1.22E+07
23,2015-07-19,conventional,2015,1.07,small,1.27E+07
24,2015-07-12,conventional,2015,1.07,small,1.24E+07
25,2015-07-05,conventional,2015,1.04,small,1.56E+07
26,2015-06-28,conventional,2015,1.06,small,1.33E+07
27,2015-06-21,conventional,2015,1.02,small,1.47E+07
28,2015-06-14,conventional,2015,0.98,small,1.64E+07
29,2015-06-07,conventional,2015,1,small,1.65E+07
30,2015-05-31,conventional,2015,1.03,small,1.55E+07
31,2015-05-24,conventional,2015,1.04,small,1.60E+07
32,2015-05-17,conventional,2015,1.06,small,1.46E+07
33,2015-05-10,conventional,2015,1.02,small,1.62E+07
34,2015-05-03,conventional,2015,0.96,small,1.78E+07
35,2015-04-26,conventional,2015,1.07,small,1.38E+07
36,2015-04-19,conventional,2015,1.03,small,1.43E+07
37,2015-04-12,conventional,2015,1.02,small,1.48E+07
38,2015-04-05,conventional,2015,1.06,small,1.39E+07
39,2015-03-29,conventional,2015,1.04,small,1.25E+07
40,2015-03-22,conventional,2015,1.01,small,1.37E+07
41,2015-03-15,conventional,2015,1.04,small,1.32E+07
42,2015-03-08,conventional,2015,1.02,small,1.30E+07
43,2015-03-01,conventional,2015,0.97,small,1.33E+07
44,2015-02-22,conventional,2015,1.02,small,1.26E+07
45,2015-02-15,conventional,2015,1.03,small,1.26E+07
46,2015-02-08,conventional,2015,0.95,small,1.33E+07
47,2015-02-01,conventional,2015,0.89,small,1.89E+07
48,2015-01-25,conventional,2015,1.04,small,1.22E+07
49,2015-01-18,conventional,2015,1.03,small,1.19E+07
50,2015-01-11,conventional,2015,1.01,small,1.15E+07
51,2015-01-04,conventional,2015,0.95,small,1.24E+07
52,2016-12-25,conventional,2016,1,small,9.26E+06
53,2016-12-18,conventional,2016,0.96,small,9.39E+06
54,2016-12-11,conventional,2016,0.98,small,9.01E+06
55,2016-12-04,conventional,2016,1,small,1.10E+07
56,2016-11-27,conventional,2016,1.21,small,7.89E+06
57,2016-11-20,conventional,2016,1.27,small,8.53E+06
58,2016-11-13,conventional,2016,1.36,small,8.24E+06
59,2016-11-06,conventional,2016,1.44,small,7.80E+06
60,2016-10-30,conventional,2016,1.43,small,7.10E+06
61,2016-10-23,conventional,2016,1.34,small,7.58E+06
62,2016-10-16,conventional,2016,1.3,small,8.81E+06
63,2016-10-09,conventional,2016,1.27,small,9.55E+06
64,2016-10-02,conventional,2016,1.23,small,9.54E+06
65,2016-09-25,conventional,2016,1.22,small,1.06E+07
66,2016-09-18,conventional,2016,1.15,small,1.13E+07
67,2016-09-11,conventional,2016,1.08,small,1.30E+07
68,2016-09-04,conventional,2016,1.04,small,1.46E+07
69,2016-08-28,conventional,2016,1.09,small,1.26E+07
70,2016-08-21,conventional,2016,1.1,small,1.27E+07
71,2016-08-14,conventional,2016,1.12,small,1.24E+07
72,2016-08-07,conventional,2016,1.15,small,1.22E+07
73,2016-07-31,conventional,2016,1.23,small,1.02E+07
74,2016-07-24,conventional,2016,1.2,small,1.03E+07
75,2016-07-17,conventional,2016,1.15,small,1.03E+07
76,2016-07-10,conventional,2016,1.1,small,1.15E+07
77,2016-07-03,conventional,2016,1.06,small,1.25E+07
78,2016-06-26,conventional,2016,1.04,small,1.22E+07
79,2016-06-19,conventional,2016,1.02,small,1.35E+07
80,2016-06-12,conventional,2016,1.04,small,1.23E+07
81,2016-06-05,conventional,2016,0.97,small,1.38E+07
82,2016-05-29,conventional,2016,0.94,small,1.37E+07
83,2016-05-22,conventional,2016,0.93,small,1.17E+07
84,2016-05-15,conventional,2016,0.89,small,1.25E+07
85,2016-05-08,conventional,2016,0.82,small,1.42E+07
86,2016-05-01,conventional,2016,0.84,small,1.38E+07
87,2016-04-24,conventional,2016,0.87,small,1.29E+07
88,2016-04-17,conventional,2016,0.9,small,1.20E+07
89,2016-04-10,conventional,2016,0.9,small,1.29E+07
90,2016-04-03,conventional,2016,0.94,small,1.13E+07
91,2016-03-27,conventional,2016,0.94,small,1.13E+07
92,2016-03-20,conventional,2016,0.93,small,1.11E+07
93,2016-03-13,conventional,2016,0.93,small,1.17E+07
94,2016-03-06,conventional,2016,0.95,small,1.18E+07
95,2016-02-28,conventional,2016,0.91,small,1.19E+07
96,2016-02-21,conventional,2016,0.94,small,1.00E+07
97,2016-02-14,conventional,2016,0.88,small,1.19E+07
98,2016-02-07,conventional,2016,0.76,small,1.66E+07
99,2016-01-31,conventional,2016,0.93,small,1.11E+07
100,2016-01-24,conventional,2016,0.95,small,7.02E+06
101,2016-01-17,conventional,2016,0.94,small,1.00E+07
102,2016-01-10,conventional,2016,0.93,small,1.14E+07
103,2016-01-03,conventional,2016,0.86,small,1.16E+07
104,2017-12-31,conventional,2017,0.98,small,1.31E+07
105,2017-12-24,conventional,2017,1.18,small,1.00E+07
106,2017-12-17,conventional,2017,1.07,small,1.07E+07
107,2017-12-10,conventional,2017,1.03,small,1.19E+07
108,2017-12-03,conventional,2017,1.09,small,1.18E+07
109,2017-11-26,conventional,2017,1.24,small,9.18E+06
110,2017-11-19,conventional,2017,1.17,small,1.12E+07
111,2017-11-12,conventional,2017,1.15,small,1.15E+07
112,2017-11-05,conventional,2017,1.19,small,1.10E+07
113,2017-10-29,conventional,2017,1.29,small,1.06E+07
114,2017-10-22,conventional,2017,1.44,small,9.61E+06
115,2017-10-15,conventional,2017,1.58,small,8.77E+06
116,2017-10-08,conventional,2017,1.65,small,8.91E+06
117,2017-10-01,conventional,2017,1.64,small,8.34E+06
118,2017-09-24,conventional,2017,1.62,small,8.65E+06
119,2017-09-17,conventional,2017,1.57,small,9.15E+06
120,2017-09-10,conventional,2017,1.56,small,9.50E+06
121,2017-09-03,conventional,2017,1.57,small,9.78E+06
122,2017-08-27,conventional,2017,1.47,small,1.07E+07
123,2017-08-20,conventional,2017,1.41,small,1.05E+07
124,2017-08-13,conventional,2017,1.33,small,1.10E+07
125,2017-08-06,conventional,2017,1.33,small,1.13E+07
126,2017-07-30,conventional,2017,1.32,small,1.11E+07
127,2017-07-23,conventional,2017,1.31,small,1.14E+07
128,2017-07-16,conventional,2017,1.33,small,1.12E+07
129,2017-07-09,conventional,2017,1.17,small,1.30E+07
130,2017-07-02,conventional,2017,1.21,small,1.26E+07
131,2017-06-25,conventional,2017,1.17,small,1.29E+07
132,2017-06-18,conventional,2017,1.18,small,1.30E+07
133,2017-06-11,conventional,2017,1.21,small,1.35E+07
134,2017-06-04,conventional,2017,1.24,small,1.33E+07
135,2017-05-28,conventional,2017,1.28,small,1.28E+07
136,2017-05-21,conventional,2017,1.26,small,1.21E+07
137,2017-05-14,conventional,2017,1.19,small,1.28E+07
138,2017-05-07,conventional,2017,1.09,small,1.71E+07
139,2017-04-30,conventional,2017,1.18,small,1.33E+07
140,2017-04-23,conventional,2017,1.18,small,1.22E+07
141,2017-04-16,conventional,2017,1.23,small,1.23E+07
142,2017-04-09,conventional,2017,1.21,small,1.21E+07
143,2017-04-02,conventional,2017,1.21,small,1.23E+07
144,2017-03-26,conventional,2017,1.24,small,1.17E+07
145,2017-03-19,conventional,2017,1.25,small,1.10E+07
146,2017-03-12,conventional,2017,1.22,small,1.12E+07
147,2017-03-05,conventional,2017,1.13,small,1.13E+07
148,2017-02-26,conventional,2017,0.99,small,1.32E+07
149,2017-02-19,conventional,2017,0.99,small,1.13E+07
150,2017-02-12,conventional,2017,0.87,small,1.51E+07
151,2017-02-05,conventional,2017,0.77,small,2.27E+07
152,2017-01-29,conventional,2017,0.96,small,1.40E+07
153,2017-01-22,conventional,2017,0.94,small,1.43E+07
154,2017-01-15,conventional,2017,0.98,small,1.29E+07
155,2017-01-08,conventional,2017,0.99,small,1.18E+07
156,2017-01-01,conventional,2017,0.89,small,1.27E+07
157,2018-03-25,conventional,2018,1.03,small,1.41E+07
158,2018-03-18,conventional,2018,1.05,small,1.37E+07
159,2018-03-11,conventional,2018,1.09,small,1.41E+07
160,2018-03-04,conventional,2018,1.07,small,1.44E+07
161,2018-02-25,conventional,2018,1.06,small,1.38E+07
162,2018-02-18,conventional,2018,1.08,small,1.33E+07
163,2018-02-11,conventional,2018,0.97,small,1.59E+07
164,2018-02-04,conventional,2018,0.87,small,2.16E+07
165,2018-01-28,conventional,2018,1.09,small,1.46E+07
166,2018-01-21,conventional,2018,1.08,small,1.42E+07
167,2018-01-14,conventional,2018,1.2,small,1.26E+07
168,2018-01-07,conventional,2018,1.13,small,1.37E+07
169,2015-12-27,organic,2015,1.52,small,8.97E+04
170,2015-12-20,organic,2015,1.53,small,9.39E+04
171,2015-12-13,organic,2015,1.43,small,9.18E+04
172,2015-12-06,organic,2015,1.52,small,9.02E+04
173,2015-11-29,organic,2015,1.5,small,7.92E+04
174,2015-11-22,organic,2015,1.49,small,9.52E+04
175,2015-11-15,organic,2015,1.6,small,1.10E+05
176,2015-11-08,organic,2015,1.54,small,1.67E+05
177,2015-11-01,organic,2015,1.47,small,1.13E+05
178,2015-10-25,organic,2015,1.62,small,1.09E+05
179,2015-10-18,organic,2015,1.71,small,1.09E+05
180,2015-10-11,organic,2015,1.69,small,9.30E+04
181,2015-10-04,organic,2015,1.72,small,9.54E+04
182,2015-09-27,organic,2015,1.75,small,1.15E+05
183,2015-09-20,organic,2015,1.77,small,1.26E+05
184,2015-09-13,organic,2015,1.8,small,1.34E+05
185,2015-09-06,organic,2015,1.78,small,1.32E+05
186,2015-08-30,organic,2015,1.66,small,1.51E+05
187,2015-08-23,organic,2015,1.72,small,1.77E+05
188,2015-08-16,organic,2015,1.75,small,1.51E+05
189,2015-08-09,organic,2015,1,small,1.70E+05
190,2015-08-02,organic,2015,1,small,1.64E+05
191,2015-07-26,organic,2015,1,small,1.70E+05
192,2015-07-19,organic,2015,1,small,1.60E+05
193,2015-07-12,organic,2015,1,small,1.79E+05
194,2015-07-05,organic,2015,1,small,2.05E+05
195,2015-06-28,organic,2015,1.64,small,1.92E+05
196,2015-06-21,organic,2015,1.66,small,2.02E+05
197,2015-06-14,organic,2015,1.68,small,2.03E+05
198,2015-06-07,organic,2015,1.67,small,2.01E+05
199,2015-05-31,organic,2015,1.58,small,2.05E+05
200,2015-05-24,organic,2015,1.59,small,2.35E+05
201,2015-05-17,organic,2015,1.5,small,2.46E+05
202,2015-05-10,organic,2015,1.42,small,2.52E+05
203,2015-05-03,organic,2015,1.37,small,3.24E+05
204,2015-04-26,organic,2015,1.45,small,3.22E+05
205,2015-04-19,organic,2015,1.59,small,2.15E+05
206,2015-04-12,organic,2015,1.53,small,2.03E+05
207,2015-04-05,organic,2015,1.63,small,1.98E+05
208,2015-03-29,organic,2015,1.6,small,1.93E+05
209,2015-03-22,organic,2015,1.49,small,2.37E+05
210,2015-03-15,organic,2015,1.5,small,2.36E+05
211,2015-03-08,organic,2015,1.49,small,2.53E+05
212,2015-03-01,organic,2015,1.4,small,3.62E+05
213,2015-02-22,organic,2015,1.51,small,2.73E+05
214,2015-02-15,organic,2015,1.58,small,2.08E+05
215,2015-02-08,organic,2015,1.48,small,2.16E+05
216,2015-02-01,organic,2015,1.36,small,3.03E+05
217,2015-01-25,organic,2015,1.53,small,2.08E+05
218,2015-01-18,organic,2015,1.42,small,2.54E+05
219,2015-01-11,organic,2015,1.42,small,2.71E+05
220,2015-01-04,organic,2015,1.46,small,2.33E+05
221,2016-12-25,organic,2016,1.34,small,9.39E+04
222,2016-12-18,organic,2016,1.43,small,9.77E+04
223,2016-12-11,organic,2016,1.42,small,9.30E+04
224,2016-12-04,organic,2016,1.56,small,1.07E+05
225,2016-11-27,organic,2016,1.64,small,1.00E+05
226,2016-11-20,organic,2016,1.63,small,1.11E+05
227,2016-11-13,organic,2016,1.7,small,1.10E+05
228,2016-11-06,organic,2016,1.68,small,1.17E+05
229,2016-10-30,organic,2016,1.93,small,1.24E+05
230,2016-10-23,organic,2016,1.63,small,1.31E+05
231,2016-10-16,organic,2016,1.5,small,1.14E+05
232,2016-10-09,organic,2016,1.52,small,1.27E+05
233,2016-10-02,organic,2016,1.71,small,1.32E+05
234,2016-09-25,organic,2016,1.69,small,1.20E+05
235,2016-09-18,organic,2016,1.67,small,1.27E+05
236,2016-09-11,organic,2016,1.52,small,1.45E+05
237,2016-09-04,organic,2016,1.54,small,1.38E+05
238,2016-08-28,organic,2016,1.49,small,1.36E+05
239,2016-08-21,organic,2016,1.51,small,1.78E+05
240,2016-08-14,organic,2016,1.48,small,1.87E+05
241,2016-08-07,organic,2016,1.55,small,1.51E+05
242,2016-07-31,organic,2016,1.58,small,1.56E+05
243,2016-07-24,organic,2016,1.65,small,1.59E+05
244,2016-07-17,organic,2016,1.63,small,1.53E+05
245,2016-07-10,organic,2016,1.51,small,1.53E+05
246,2016-07-03,organic,2016,1.47,small,1.60E+05
247,2016-06-26,organic,2016,1.5,small,1.71E+05
248,2016-06-19,organic,2016,1.45,small,1.67E+05
249,2016-06-12,organic,2016,1.45,small,1.76E+05
250,2016-06-05,organic,2016,1.43,small,1.52E+05
251,2016-05-29,organic,2016,1.41,small,1.37E+05
252,2016-05-22,organic,2016,1.36,small,1.67E+05
253,2016-05-15,organic,2016,1.45,small,1.46E+05
254,2016-05-08,organic,2016,1.3,small,1.32E+05
255,2016-05-01,organic,2016,1.28,small,2.39E+05
256,2016-04-24,organic,2016,1.25,small,2.25E+05
257,2016-04-17,organic,2016,1.38,small,1.15E+05
258,2016-04-10,organic,2016,1.26,small,1.09E+05
259,2016-04-03,organic,2016,1.44,small,1.19E+05
260,2016-03-27,organic,2016,1.44,small,1.13E+05
261,2016-03-20,organic,2016,1.27,small,1.05E+05
262,2016-03-13,organic,2016,1.29,small,1.32E+05
263,2016-03-06,organic,2016,1.28,small,1.27E+05
264,2016-02-28,organic,2016,1.44,small,1.10E+05
265,2016-02-21,organic,2016,1.45,small,1.04E+05
266,2016-02-14,organic,2016,1.37,small,1.03E+05
267,2016-02-07,organic,2016,1.44,small,1.01E+05
268,2016-01-31,organic,2016,1.43,small,1.09E+05
269,2016-01-24,organic,2016,1.41,small,9.93E+04
270,2016-01-17,organic,2016,1.44,small,1.16E+05
271,2016-01-10,organic,2016,1.35,small,1.14E+05
272,2016-01-03,organic,2016,1.43,small,1.25E+05
273,2017-12-31,organic,2017,1.52,small,1.21E+05
274,2017-12-24,organic,2017,1.64,small,1.03E+05
275,2017-12-17,organic,2017,1.57,small,9.49E+04
276,2017-12-10,organic,2017,1.54,small,9.43E+04
277,2017-12-03,organic,2017,1.62,small,9.93E+04
278,2017-11-26,organic,2017,1.72,small,7.78E+04
279,2017-11-19,organic,2017,1.77,small,8.81E+04
280,2017-11-12,organic,2017,1.81,small,9.33E+04
281,2017-11-05,organic,2017,1.82,small,8.81E+04
282,2017-10-29,organic,2017,1.84,small,8.87E+04
283,2017-10-22,organic,2017,1.82,small,8.93E+04
284,2017-10-15,organic,2017,1.85,small,1.04E+05
285,2017-10-08,organic,2017,1.9,small,1.01E+05
286,2017-10-01,organic,2017,1.95,small,1.00E+05
287,2017-09-24,organic,2017,1.94,small,1.16E+05
288,2017-09-17,organic,2017,2,small,1.41E+05
289,2017-09-10,organic,2017,2.03,small,1.15E+05
290,2017-09-03,organic,2017,2.06,small,1.14E+05
291,2017-08-27,organic,2017,2.09,small,1.13E+05
292,2017-08-20,organic,2017,1.96,small,1.09E+05
293,2017-08-13,organic,2017,1.88,small,9.80E+04
294,2017-08-06,organic,2017,1.83,small,1.13E+05
295,2017-07-30,organic,2017,1.78,small,1.00E+05
296,2017-07-23,organic,2017,1.76,small,1.14E+05
297,2017-07-16,organic,2017,1.78,small,9.43E+04
298,2017-07-09,organic,2017,1.71,small,1.09E+05
299,2017-07-02,organic,2017,1.74,small,1.28E+05
300,2017-06-25,organic,2017,1.77,small,1.23E+05
301,2017-06-18,organic,2017,1.71,small,1.69E+05
302,2017-06-11,organic,2017,1.56,small,1.61E+05
303,2017-06-04,organic,2017,1.64,small,1.66E+05
304,2017-05-28,organic,2017,1.69,small,1.63E+05
305,2017-05-21,organic,2017,1.71,small,1.67E+05
306,2017-05-14,organic,2017,1.55,small,1.65E+05
307,2017-05-07,organic,2017,1.57,small,1.73E+05
308,2017-04-30,organic,2017,1.68,small,1.99E+05
309,2017-04-23,organic,2017,1.61,small,1.53E+05
310,2017-04-16,organic,2017,1.49,small,1.77E+05
311,2017-04-09,organic,2017,1.43,small,1.49E+05
312,2017-04-02,organic,2017,1.42,small,1.83E+05
313,2017-03-26,organic,2017,1.29,small,1.61E+05
314,2017-03-19,organic,2017,1.5,small,1.72E+05
315,2017-03-12,organic,2017,1.38,small,1.53E+05
316,2017-03-05,organic,2017,1.16,small,1.84E+05
317,2017-02-26,organic,2017,1.21,small,1.50E+05
318,2017-02-19,organic,2017,1.31,small,2.51E+05
319,2017-02-12,organic,2017,1.41,small,1.37E+05
320,2017-02-05,organic,2017,1.36,small,1.36E+05
321,2017-01-29,organic,2017,1.43,small,1.32E+05
322,2017-01-22,organic,2017,1.37,small,1.16E+05
323,2017-01-15,organic,2017,1.44,small,1.21E+05
324,2017-01-08,organic,2017,1.43,small,1.18E+05
325,2017-01-01,organic,2017,1.48,small,9.98E+04
326,2018-03-25,organic,2018,1.55,small,1.21E+05
327,2018-03-18,organic,2018,1.54,small,1.71E+05
328,2018-03-11,organic,2018,1.52,small,1.29E+05
329,2018-03-04,organic,2018,1.52,small,1.42E+05
330,2018-02-25,organic,2018,1.57,small,1.23E+05
331,2018-02-18,organic,2018,1.52,small,2.47E+05
332,2018-02-11,organic,2018,1.56,small,9.85E+04
333,2018-02-04,organic,2018,1.53,small,1.18E+05
334,2018-01-28,organic,2018,1.61,small,1.19E+05
335,2018-01-21,organic,2018,1.63,small,1.09E+05
336,2018-01-14,organic,2018,1.59,small,1.46E+05
337,2018-01-07,organic,2018,1.51,small,1.30E+05
338,2015-12-27,conventional,2015,0.95,large,1.02E+07
339,2015-12-20,conventional,2015,0.98,large,9.33E+06
340,2015-12-13,conventional,2015,0.93,large,1.08E+07
341,2015-12-06,conventional,2015,0.89,large,1.22E+07
342,2015-11-29,conventional,2015,0.99,large,9.00E+06
343,2015-11-22,conventional,2015,0.96,large,1.04E+07
344,2015-11-15,conventional,2015,0.92,large,1.17E+07
345,2015-11-08,conventional,2015,0.97,large,1.22E+07
346,2015-11-01,conventional,2015,0.97,large,1.42E+07
347,2015-10-25,conventional,2015,1.04,large,1.14E+07
348,2015-10-18,conventional,2015,0.99,large,1.41E+07
349,2015-10-11,conventional,2015,1,large,1.33E+07
350,2015-10-04,conventional,2015,1.02,large,1.38E+07
351,2015-09-27,conventional,2015,1.03,large,1.38E+07
352,2015-09-20,conventional,2015,1.02,large,1.39E+07
353,2015-09-13,conventional,2015,1.03,large,1.49E+07
354,2015-09-06,conventional,2015,1.02,large,1.43E+07
355,2015-08-30,conventional,2015,1.07,large,1.20E+07
356,2015-08-23,conventional,2015,1.08,large,1.26E+07
357,2015-08-16,conventional,2015,1.05,large,1.30E+07
358,2015-08-09,conventional,2015,1.05,large,1.39E+07
359,2015-08-02,conventional,2015,1.09,large,1.22E+07
360,2015-07-26,conventional,2015,1.07,large,1.20E+07
361,2015-07-19,conventional,2015,1.07,large,1.26E+07
362,2015-07-12,conventional,2015,1.07,large,1.24E+07
363,2015-07-05,conventional,2015,1.04,large,1.42E+07
364,2015-06-28,conventional,2015,1.06,large,1.15E+07
365,2015-06-21,conventional,2015,1.02,large,1.32E+07
366,2015-06-14,conventional,2015,0.98,large,1.28E+07
367,2015-06-07,conventional,2015,1,large,1.26E+07
368,2015-05-31,conventional,2015,1.03,large,1.16E+07
369,2015-05-24,conventional,2015,1.04,large,1.25E+07
370,2015-05-17,conventional,2015,1.06,large,1.10E+07
371,2015-05-10,conventional,2015,1.02,large,1.35E+07
372,2015-05-03,conventional,2015,0.96,large,1.66E+07
373,2015-04-26,conventional,2015,1.07,large,1.09E+07
374,2015-04-19,conventional,2015,1.03,large,1.23E+07
375,2015-04-12,conventional,2015,1.02,large,1.12E+07
376,2015-04-05,conventional,2015,1.06,large,1.15E+07
377,2015-03-29,conventional,2015,1.04,large,1.15E+07
378,2015-03-22,conventional,2015,1.01,large,1.27E+07
379,2015-03-15,conventional,2015,1.04,large,1.06E+07
380,2015-03-08,conventional,2015,1.02,large,1.10E+07
381,2015-03-01,conventional,2015,0.97,large,1.37E+07
382,2015-02-22,conventional,2015,1.02,large,1.14E+07
383,2015-02-15,conventional,2015,1.03,large,9.78E+06
384,2015-02-08,conventional,2015,0.95,large,1.34E+07
385,2015-02-01,conventional,2015,0.89,large,1.90E+07
386,2015-01-25,conventional,2015,1.04,large,1.07E+07
387,2015-01-18,conventional,2015,1.03,large,1.17E+07
388,2015-01-11,conventional,2015,1.01,large,1.21E+07
389,2015-01-04,conventional,2015,0.95,large,1.36E+07
390,2016-12-25,conventional,2016,1,large,1.03E+07
391,2016-12-18,conventional,2016,0.96,large,1.03E+07
392,2016-12-11,conventional,2016,0.98,large,9.97E+06
393,2016-12-04,conventional,2016,1,large,9.91E+06
394,2016-11-27,conventional,2016,1.21,large,7.34E+06
395,2016-11-20,conventional,2016,1.27,large,8.03E+06
396,2016-11-13,conventional,2016,1.36,large,7.76E+06
397,2016-11-06,conventional,2016,1.44,large,7.13E+06
398,2016-10-30,conventional,2016,1.43,large,6.85E+06
399,2016-10-23,conventional,2016,1.34,large,8.11E+06
400,2016-10-16,conventional,2016,1.3,large,8.86E+06
401,2016-10-09,conventional,2016,1.27,large,9.58E+06
402,2016-10-02,conventional,2016,1.23,large,9.12E+06
403,2016-09-25,conventional,2016,1.22,large,9.26E+06
404,2016-09-18,conventional,2016,1.15,large,9.48E+06
405,2016-09-11,conventional,2016,1.08,large,1.04E+07
406,2016-09-04,conventional,2016,1.04,large,1.11E+07
407,2016-08-28,conventional,2016,1.09,large,1.04E+07
408,2016-08-21,conventional,2016,1.1,large,9.91E+06
409,2016-08-14,conventional,2016,1.12,large,1.09E+07
410,2016-08-07,conventional,2016,1.15,large,1.07E+07
411,2016-07-31,conventional,2016,1.23,large,1.04E+07
412,2016-07-24,conventional,2016,1.2,large,1.08E+07
413,2016-07-17,conventional,2016,1.15,large,1.06E+07
414,2016-07-10,conventional,2016,1.1,large,1.17E+07
415,2016-07-03,conventional,2016,1.06,large,1.33E+07
416,2016-06-26,conventional,2016,1.04,large,1.20E+07
417,2016-06-19,conventional,2016,1.02,large,1.28E+07
418,2016-06-12,conventional,2016,1.04,large,1.15E+07
419,2016-06-05,conventional,2016,0.97,large,1.34E+07
420,2016-05-29,conventional,2016,0.94,large,1.38E+07
421,2016-05-22,conventional,2016,0.93,large,1.30E+07
422,2016-05-15,conventional,2016,0.89,large,1.44E+07
423,2016-05-08,conventional,2016,0.82,large,1.79E+07
424,2016-05-01,conventional,2016,0.84,large,1.59E+07
425,2016-04-24,conventional,2016,0.87,large,1.44E+07
426,2016-04-17,conventional,2016,0.9,large,1.29E+07
427,2016-04-10,conventional,2016,0.9,large,1.15E+07
428,2016-04-03,conventional,2016,0.94,large,1.15E+07
429,2016-03-27,conventional,2016,0.94,large,1.28E+07
430,2016-03-20,conventional,2016,0.93,large,1.37E+07
431,2016-03-13,conventional,2016,0.93,large,1.31E+07
432,2016-03-06,conventional,2016,0.95,large,1.22E+07
433,2016-02-28,conventional,2016,0.91,large,1.32E+07
434,2016-02-21,conventional,2016,0.94,large,1.20E+07
435,2016-02-14,conventional,2016,0.88,large,1.32E+07
436,2016-02-07,conventional,2016,0.76,large,2.05E+07
437,2016-01-31,conventional,2016,0.93,large,1.33E+07
438,2016-01-24,conventional,2016,0.95,large,1.41E+07
439,2016-01-17,conventional,2016,0.94,large,1.38E+07
440,2016-01-10,conventional,2016,0.93,large,1.32E+07
441,2016-01-03,conventional,2016,0.86,large,1.61E+07
442,2017-12-31,conventional,2017,0.98,large,1.32E+07
443,2017-12-24,conventional,2017,1.18,large,8.96E+06
444,2017-12-17,conventional,2017,1.07,large,9.94E+06
445,2017-12-10,conventional,2017,1.03,large,1.17E+07
446,2017-12-03,conventional,2017,1.09,large,1.09E+07
447,2017-11-26,conventional,2017,1.24,large,7.31E+06
448,2017-11-19,conventional,2017,1.17,large,7.85E+06
449,2017-11-12,conventional,2017,1.15,large,1.00E+07
450,2017-11-05,conventional,2017,1.19,large,9.78E+06
451,2017-10-29,conventional,2017,1.29,large,9.80E+06
452,2017-10-22,conventional,2017,1.44,large,8.76E+06
453,2017-10-15,conventional,2017,1.58,large,8.53E+06
454,2017-10-08,conventional,2017,1.65,large,7.61E+06
455,2017-10-01,conventional,2017,1.64,large,8.36E+06
456,2017-09-24,conventional,2017,1.62,large,8.30E+06
457,2017-09-17,conventional,2017,1.57,large,8.33E+06
458,2017-09-10,conventional,2017,1.56,large,8.37E+06
459,2017-09-03,conventional,2017,1.57,large,8.57E+06
460,2017-08-27,conventional,2017,1.47,large,8.59E+06
461,2017-08-20,conventional,2017,1.41,large,8.84E+06
462,2017-08-13,conventional,2017,1.33,large,1.12E+07
463,2017-08-06,conventional,2017,1.33,large,1.10E+07
464,2017-07-30,conventional,2017,1.32,large,1.11E+07
465,2017-07-23,conventional,2017,1.31,large,1.13E+07
466,2017-07-16,conventional,2017,1.33,large,1.12E+07
467,2017-07-09,conventional,2017,1.17,large,1.10E+07
468,2017-07-02,conventional,2017,1.21,large,1.10E+07
469,2017-06-25,conventional,2017,1.17,large,1.08E+07
470,2017-06-18,conventional,2017,1.18,large,1.12E+07
471,2017-06-11,conventional,2017,1.21,large,1.01E+07
472,2017-06-04,conventional,2017,1.24,large,1.02E+07
473,2017-05-28,conventional,2017,1.28,large,1.09E+07
474,2017-05-21,conventional,2017,1.26,large,1.02E+07
475,2017-05-14,conventional,2017,1.19,large,9.72E+06
476,2017-05-07,conventional,2017,1.09,large,1.36E+07
477,2017-04-30,conventional,2017,1.18,large,1.13E+07
478,2017-04-23,conventional,2017,1.18,large,1.02E+07
479,2017-04-16,conventional,2017,1.23,large,1.01E+07
480,2017-04-09,conventional,2017,1.21,large,1.08E+07
481,2017-04-02,conventional,2017,1.21,large,9.73E+06
482,2017-03-26,conventional,2017,1.24,large,9.66E+06
483,2017-03-19,conventional,2017,1.25,large,9.62E+06
484,2017-03-12,conventional,2017,1.22,large,9.58E+06
485,2017-03-05,conventional,2017,1.13,large,1.08E+07
486,2017-02-26,conventional,2017,0.99,large,1.14E+07
487,2017-02-19,conventional,2017,0.99,large,1.04E+07
488,2017-02-12,conventional,2017,0.87,large,1.22E+07
489,2017-02-05,conventional,2017,0.77,large,2.03E+07
490,2017-01-29,conventional,2017,0.96,large,1.17E+07
491,2017-01-22,conventional,2017,0.94,large,1.42E+07
492,2017-01-15,conventional,2017,0.98,large,1.26E+07
493,2017-01-08,conventional,2017,0.99,large,1.39E+07
494,2017-01-01,conventional,2017,0.89,large,1.42E+07
495,2018-03-25,conventional,2018,1.03,large,1.21E+07
496,2018-03-18,conventional,2018,1.05,large,1.11E+07
497,2018-03-11,conventional,2018,1.09,large,1.08E+07
498,2018-03-04,conventional,2018,1.07,large,1.13E+07
499,2018-02-25,conventional,2018,1.06,large,1.04E+07
500,2018-02-18,conventional,2018,1.08,large,1.05E+07
501,2018-02-11,conventional,2018,0.97,large,1.15E+07
502,2018-02-04,conventional,2018,0.87,large,2.05E+07
503,2018-01-28,conventional,2018,1.09,large,1.21E+07
504,2018-01-21,conventional,2018,1.08,large,1.39E+07
505,2018-01-14,conventional,2018,1.2,large,1.19E+07
506,2018-01-07,conventional,2018,1.13,large,1.08E+07
507,2015-12-27,organic,2015,1.52,large,2.06E+05
508,2015-12-20,organic,2015,1.53,large,2.06E+05
509,2015-12-13,organic,2015,1.43,large,2.22E+05
510,2015-12-06,organic,2015,1.52,large,2.13E+05
511,2015-11-29,organic,2015,1.5,large,2.09E+05
512,2015-11-22,organic,2015,1.49,large,2.50E+05
513,2015-11-15,organic,2015,1.6,large,2.25E+05
514,2015-11-08,organic,2015,1.54,large,2.49E+05
515,2015-11-01,organic,2015,1.47,large,2.63E+05
516,2015-10-25,organic,2015,1.62,large,2.44E+05
517,2015-10-18,organic,2015,1.71,large,2.24E+05
518,2015-10-11,organic,2015,1.69,large,2.31E+05
519,2015-10-04,organic,2015,1.72,large,2.69E+05
520,2015-09-27,organic,2015,1.75,large,2.38E+05
521,2015-09-20,organic,2015,1.77,large,2.45E+05
522,2015-09-13,organic,2015,1.8,large,2.52E+05
523,2015-09-06,organic,2015,1.78,large,2.72E+05
524,2015-08-30,organic,2015,1.66,large,3.25E+05
525,2015-08-23,organic,2015,1.72,large,2.98E+05
526,2015-08-16,organic,2015,1.75,large,3.10E+05
527,2015-08-09,organic,2015,1,large,2.69E+05
528,2015-08-02,organic,2015,1,large,2.63E+05
529,2015-07-26,organic,2015,1,large,2.66E+05
530,2015-07-19,organic,2015,1,large,3.18E+05
531,2015-07-12,organic,2015,1,large,2.67E+05
532,2015-07-05,organic,2015,1,large,3.05E+05
533,2015-06-28,organic,2015,1.64,large,3.33E+05
534,2015-06-21,organic,2015,1.66,large,3.04E+05
535,2015-06-14,organic,2015,1.68,large,2.79E+05
536,2015-06-07,organic,2015,1.67,large,2.65E+05
537,2015-05-31,organic,2015,1.58,large,3.33E+05
538,2015-05-24,organic,2015,1.59,large,2.94E+05
539,2015-05-17,organic,2015,1.5,large,3.12E+05
540,2015-05-10,organic,2015,1.42,large,3.50E+05
541,2015-05-03,organic,2015,1.37,large,3.81E+05
542,2015-04-26,organic,2015,1.45,large,3.79E+05
543,2015-04-19,organic,2015,1.59,large,3.02E+05
544,2015-04-12,organic,2015,1.53,large,4.29E+05
545,2015-04-05,organic,2015,1.63,large,2.76E+05
546,2015-03-29,organic,2015,1.6,large,3.25E+05
547,2015-03-22,organic,2015,1.49,large,3.20E+05
548,2015-03-15,organic,2015,1.5,large,2.59E+05
549,2015-03-08,organic,2015,1.49,large,3.28E+05
550,2015-03-01,organic,2015,1.4,large,2.76E+05
551,2015-02-22,organic,2015,1.51,large,2.30E+05
552,2015-02-15,organic,2015,1.58,large,2.29E+05
553,2015-02-08,organic,2015,1.48,large,2.74E+05
554,2015-02-01,organic,2015,1.36,large,2.59E+05
555,2015-01-25,organic,2015,1.53,large,2.12E+05
556,2015-01-18,organic,2015,1.42,large,3.12E+05
557,2015-01-11,organic,2015,1.42,large,2.61E+05
558,2015-01-04,organic,2015,1.46,large,2.17E+05
559,2016-12-25,organic,2016,1.34,large,2.50E+05
560,2016-12-18,organic,2016,1.43,large,2.49E+05
561,2016-12-11,organic,2016,1.42,large,2.48E+05
562,2016-12-04,organic,2016,1.56,large,2.42E+05
563,2016-11-27,organic,2016,1.64,large,1.99E+05
564,2016-11-20,organic,2016,1.63,large,2.34E+05
565,2016-11-13,organic,2016,1.7,large,2.57E+05
566,2016-11-06,organic,2016,1.68,large,2.66E+05
567,2016-10-30,organic,2016,1.93,large,2.80E+05
568,2016-10-23,organic,2016,1.63,large,2.42E+05
569,2016-10-16,organic,2016,1.5,large,2.44E+05
570,2016-10-09,organic,2016,1.52,large,2.67E+05
571,2016-10-02,organic,2016,1.71,large,2.72E+05
572,2016-09-25,organic,2016,1.69,large,2.73E+05
573,2016-09-18,organic,2016,1.67,large,2.67E+05
574,2016-09-11,organic,2016,1.52,large,3.35E+05
575,2016-09-04,organic,2016,1.54,large,3.44E+05
576,2016-08-28,organic,2016,1.49,large,3.17E+05
577,2016-08-21,organic,2016,1.51,large,3.08E+05
578,2016-08-14,organic,2016,1.48,large,3.42E+05
579,2016-08-07,organic,2016,1.55,large,3.32E+05
580,2016-07-31,organic,2016,1.58,large,3.29E+05
581,2016-07-24,organic,2016,1.65,large,3.44E+05
582,2016-07-17,organic,2016,1.63,large,3.60E+05
583,2016-07-10,organic,2016,1.51,large,3.55E+05
584,2016-07-03,organic,2016,1.47,large,3.82E+05
585,2016-06-26,organic,2016,1.5,large,3.91E+05
586,2016-06-19,organic,2016,1.45,large,4.45E+05
587,2016-06-12,organic,2016,1.45,large,4.04E+05
588,2016-06-05,organic,2016,1.43,large,4.11E+05
589,2016-05-29,organic,2016,1.41,large,4.68E+05
590,2016-05-22,organic,2016,1.36,large,4.55E+05
591,2016-05-15,organic,2016,1.45,large,4.38E+05
592,2016-05-08,organic,2016,1.3,large,4.44E+05
593,2016-05-01,organic,2016,1.28,large,4.84E+05
594,2016-04-24,organic,2016,1.25,large,5.25E+05
595,2016-04-17,organic,2016,1.38,large,3.88E+05
596,2016-04-10,organic,2016,1.26,large,4.00E+05
597,2016-04-03,organic,2016,1.44,large,3.72E+05
598,2016-03-27,organic,2016,1.44,large,3.38E+05
599,2016-03-20,organic,2016,1.27,large,3.53E+05
600,2016-03-13,organic,2016,1.29,large,3.46E+05
601,2016-03-06,organic,2016,1.28,large,3.52E+05
602,2016-02-28,organic,2016,1.44,large,3.48E+05
603,2016-02-21,organic,2016,1.45,large,2.81E+05
604,2016-02-14,organic,2016,1.37,large,3.06E+05
605,2016-02-07,organic,2016,1.44,large,2.91E+05
606,2016-01-31,organic,2016,1.43,large,2.70E+05
607,2016-01-24,organic,2016,1.41,large,2.71E+05
608,2016-01-17,organic,2016,1.44,large,2.67E+05
609,2016-01-10,organic,2016,1.35,large,2.88E+05
610,2016-01-03,organic,2016,1.43,large,2.47E+05
611,2017-12-31,organic,2017,1.52,large,2.48E+05
612,2017-12-24,organic,2017,1.64,large,2.47E+05
613,2017-12-17,organic,2017,1.57,large,2.49E+05
614,2017-12-10,organic,2017,1.54,large,2.58E+05
615,2017-12-03,organic,2017,1.62,large,2.70E+05
616,2017-11-26,organic,2017,1.72,large,2.05E+05
617,2017-11-19,organic,2017,1.77,large,2.13E+05
618,2017-11-12,organic,2017,1.81,large,2.18E+05
619,2017-11-05,organic,2017,1.82,large,2.45E+05
620,2017-10-29,organic,2017,1.84,large,2.19E+05
621,2017-10-22,organic,2017,1.82,large,2.30E+05
622,2017-10-15,organic,2017,1.85,large,2.19E+05
623,2017-10-08,organic,2017,1.9,large,2.32E+05
624,2017-10-01,organic,2017,1.95,large,2.30E+05
625,2017-09-24,organic,2017,1.94,large,2.38E+05
626,2017-09-17,organic,2017,2,large,2.43E+05
627,2017-09-10,organic,2017,2.03,large,2.49E+05
628,2017-09-03,organic,2017,2.06,large,2.57E+05
629,2017-08-27,organic,2017,2.09,large,2.51E+05
630,2017-08-20,organic,2017,1.96,large,2.63E+05
631,2017-08-13,organic,2017,1.88,large,2.30E+05
632,2017-08-06,organic,2017,1.83,large,2.36E+05
633,2017-07-30,organic,2017,1.78,large,2.71E+05
634,2017-07-23,organic,2017,1.76,large,3.17E+05
635,2017-07-16,organic,2017,1.78,large,3.11E+05
636,2017-07-09,organic,2017,1.71,large,3.34E+05
637,2017-07-02,organic,2017,1.74,large,3.61E+05
638,2017-06-25,organic,2017,1.77,large,3.41E+05
639,2017-06-18,organic,2017,1.71,large,4.43E+05
640,2017-06-11,organic,2017,1.56,large,3.40E+05
641,2017-06-04,organic,2017,1.64,large,3.87E+05
642,2017-05-28,organic,2017,1.69,large,3.57E+05
643,2017-05-21,organic,2017,1.71,large,3.52E+05
644,2017-05-14,organic,2017,1.55,large,3.40E+05
645,2017-05-07,organic,2017,1.57,large,3.86E+05
646,2017-04-30,organic,2017,1.68,large,4.22E+05
647,2017-04-23,organic,2017,1.61,large,3.48E+05
648,2017-04-16,organic,2017,1.49,large,4.38E+05
649,2017-04-09,organic,2017,1.43,large,3.62E+05
650,2017-04-02,organic,2017,1.42,large,4.31E+05
651,2017-03-26,organic,2017,1.29,large,3.56E+05
652,2017-03-19,organic,2017,1.5,large,4.11E+05
653,2017-03-12,organic,2017,1.38,large,3.30E+05
654,2017-03-05,organic,2017,1.16,large,3.74E+05
655,2017-02-26,organic,2017,1.21,large,3.69E+05
656,2017-02-19,organic,2017,1.31,large,6.32E+05
657,2017-02-12,organic,2017,1.41,large,2.98E+05
658,2017-02-05,organic,2017,1.36,large,3.14E+05
659,2017-01-29,organic,2017,1.43,large,2.93E+05
660,2017-01-22,organic,2017,1.37,large,2.82E+05
661,2017-01-15,organic,2017,1.44,large,2.80E+05
662,2017-01-08,organic,2017,1.43,large,2.84E+05
663,2017-01-01,organic,2017,1.48,large,2.73E+05
664,2018-03-25,organic,2018,1.55,large,3.43E+05
665,2018-03-18,organic,2018,1.54,large,4.45E+05
666,2018-03-11,organic,2018,1.52,large,4.09E+05
667,2018-03-04,organic,2018,1.52,large,3.90E+05
668,2018-02-25,organic,2018,1.57,large,3.40E+05
669,2018-02-18,organic,2018,1.52,large,6.80E+05
670,2018-02-11,organic,2018,1.56,large,2.71E+05
671,2018-02-04,organic,2018,1.53,large,2.88E+05
672,2018-01-28,organic,2018,1.61,large,2.80E+05
673,2018-01-21,organic,2018,1.63,large,2.59E+05
674,2018-01-14,organic,2018,1.59,large,3.24E+05
675,2018-01-07,organic,2018,1.51,large,2.97E+05
676,2015-12-27,conventional,2015,0.95,extra_large,1.18E+06
677,2015-12-20,conventional,2015,0.98,extra_large,1.20E+06
678,2015-12-13,conventional,2015,0.93,extra_large,1.02E+06
679,2015-12-06,conventional,2015,0.89,extra_large,9.32E+05
680,2015-11-29,conventional,2015,0.99,extra_large,7.31E+05
681,2015-11-22,conventional,2015,0.96,extra_large,8.05E+05
682,2015-11-15,conventional,2015,0.92,extra_large,8.16E+05
683,2015-11-08,conventional,2015,0.97,extra_large,1.14E+06
684,2015-11-01,conventional,2015,0.97,extra_large,1.41E+06
685,2015-10-25,conventional,2015,1.04,extra_large,1.19E+06
686,2015-10-18,conventional,2015,0.99,extra_large,1.22E+06
687,2015-10-11,conventional,2015,1,extra_large,1.61E+06
688,2015-10-04,conventional,2015,1.02,extra_large,1.21E+06
689,2015-09-27,conventional,2015,1.03,extra_large,1.06E+06
690,2015-09-20,conventional,2015,1.02,extra_large,1.11E+06
691,2015-09-13,conventional,2015,1.03,extra_large,1.12E+06
692,2015-09-06,conventional,2015,1.02,extra_large,1.13E+06
693,2015-08-30,conventional,2015,1.07,extra_large,1.06E+06
694,2015-08-23,conventional,2015,1.08,extra_large,9.09E+05
695,2015-08-16,conventional,2015,1.05,extra_large,1.14E+06
696,2015-08-09,conventional,2015,1.05,extra_large,1.02E+06
697,2015-08-02,conventional,2015,1.09,extra_large,9.85E+05
698,2015-07-26,conventional,2015,1.07,extra_large,1.02E+06
699,2015-07-19,conventional,2015,1.07,extra_large,1.16E+06
700,2015-07-12,conventional,2015,1.07,extra_large,9.80E+05
701,2015-07-05,conventional,2015,1.04,extra_large,1.34E+06
702,2015-06-28,conventional,2015,1.06,extra_large,1.05E+06
703,2015-06-21,conventional,2015,1.02,extra_large,1.33E+06
704,2015-06-14,conventional,2015,0.98,extra_large,1.09E+06
705,2015-06-07,conventional,2015,1,extra_large,1.15E+06
706,2015-05-31,conventional,2015,1.03,extra_large,9.04E+05
707,2015-05-24,conventional,2015,1.04,extra_large,9.00E+05
708,2015-05-17,conventional,2015,1.06,extra_large,9.64E+05
709,2015-05-10,conventional,2015,1.02,extra_large,8.58E+05
710,2015-05-03,conventional,2015,0.96,extra_large,1.12E+06
711,2015-04-26,conventional,2015,1.07,extra_large,8.90E+05
712,2015-04-19,conventional,2015,1.03,extra_large,1.02E+06
713,2015-04-12,conventional,2015,1.02,extra_large,8.08E+05
714,2015-04-05,conventional,2015,1.06,extra_large,8.72E+05
715,2015-03-29,conventional,2015,1.04,extra_large,8.11E+05
716,2015-03-22,conventional,2015,1.01,extra_large,1.07E+06
717,2015-03-15,conventional,2015,1.04,extra_large,8.72E+05
718,2015-03-08,conventional,2015,1.02,extra_large,8.34E+05
719,2015-03-01,conventional,2015,0.97,extra_large,1.07E+06
720,2015-02-22,conventional,2015,1.02,extra_large,9.37E+05
721,2015-02-15,conventional,2015,1.03,extra_large,8.46E+05
722,2015-02-08,conventional,2015,0.95,extra_large,7.38E+05
723,2015-02-01,conventional,2015,0.89,extra_large,1.38E+06
724,2015-01-25,conventional,2015,1.04,extra_large,7.68E+05
725,2015-01-18,conventional,2015,1.03,extra_large,8.31E+05
726,2015-01-11,conventional,2015,1.01,extra_large,8.67E+05
727,2015-01-04,conventional,2015,0.95,extra_large,8.44E+05
728,2016-12-25,conventional,2016,1,extra_large,5.42E+05
729,2016-12-18,conventional,2016,0.96,extra_large,4.28E+05
730,2016-12-11,conventional,2016,0.98,extra_large,4.03E+05
731,2016-12-04,conventional,2016,1,extra_large,4.28E+05
732,2016-11-27,conventional,2016,1.21,extra_large,3.45E+05
733,2016-11-20,conventional,2016,1.27,extra_large,4.08E+05
734,2016-11-13,conventional,2016,1.36,extra_large,4.78E+05
735,2016-11-06,conventional,2016,1.44,extra_large,5.05E+05
736,2016-10-30,conventional,2016,1.43,extra_large,4.53E+05
737,2016-10-23,conventional,2016,1.34,extra_large,4.52E+05
738,2016-10-16,conventional,2016,1.3,extra_large,4.47E+05
739,2016-10-09,conventional,2016,1.27,extra_large,4.91E+05
740,2016-10-02,conventional,2016,1.23,extra_large,4.90E+05
741,2016-09-25,conventional,2016,1.22,extra_large,4.93E+05
742,2016-09-18,conventional,2016,1.15,extra_large,4.86E+05
743,2016-09-11,conventional,2016,1.08,extra_large,5.12E+05
744,2016-09-04,conventional,2016,1.04,extra_large,5.41E+05
745,2016-08-28,conventional,2016,1.09,extra_large,5.64E+05
746,2016-08-21,conventional,2016,1.1,extra_large,6.10E+05
747,2016-08-14,conventional,2016,1.12,extra_large,7.49E+05
748,2016-08-07,conventional,2016,1.15,extra_large,7.55E+05
749,2016-07-31,conventional,2016,1.23,extra_large,7.84E+05
750,2016-07-24,conventional,2016,1.2,extra_large,9.48E+05
751,2016-07-17,conventional,2016,1.15,extra_large,9.54E+05
752,2016-07-10,conventional,2016,1.1,extra_large,1.27E+06
753,2016-07-03,conventional,2016,1.06,extra_large,1.76E+06
754,2016-06-26,conventional,2016,1.04,extra_large,1.63E+06
755,2016-06-19,conventional,2016,1.02,extra_large,1.64E+06
756,2016-06-12,conventional,2016,1.04,extra_large,1.61E+06
757,2016-06-05,conventional,2016,0.97,extra_large,1.77E+06
758,2016-05-29,conventional,2016,0.94,extra_large,1.58E+06
759,2016-05-22,conventional,2016,0.93,extra_large,1.64E+06
760,2016-05-15,conventional,2016,0.89,extra_large,1.75E+06
761,2016-05-08,conventional,2016,0.82,extra_large,1.99E+06
762,2016-05-01,conventional,2016,0.84,extra_large,1.41E+06
763,2016-04-24,conventional,2016,0.87,extra_large,1.60E+06
764,2016-04-17,conventional,2016,0.9,extra_large,1.90E+06
765,2016-04-10,conventional,2016,0.9,extra_large,1.67E+06
766,2016-04-03,conventional,2016,0.94,extra_large,1.73E+06
767,2016-03-27,conventional,2016,0.94,extra_large,1.88E+06
768,2016-03-20,conventional,2016,0.93,extra_large,1.77E+06
769,2016-03-13,conventional,2016,0.93,extra_large,1.80E+06
770,2016-03-06,conventional,2016,0.95,extra_large,1.69E+06
771,2016-02-28,conventional,2016,0.91,extra_large,1.56E+06
772,2016-02-21,conventional,2016,0.94,extra_large,1.38E+06
773,2016-02-14,conventional,2016,0.88,extra_large,1.81E+06
774,2016-02-07,conventional,2016,0.76,extra_large,2.55E+06
775,2016-01-31,conventional,2016,0.93,extra_large,1.64E+06
776,2016-01-24,conventional,2016,0.95,extra_large,1.44E+06
777,2016-01-17,conventional,2016,0.94,extra_large,1.42E+06
778,2016-01-10,conventional,2016,0.93,extra_large,1.28E+06
779,2016-01-03,conventional,2016,0.86,extra_large,1.56E+06
780,2017-12-31,conventional,2017,0.98,extra_large,6.45E+05
781,2017-12-24,conventional,2017,1.18,extra_large,5.46E+05
782,2017-12-17,conventional,2017,1.07,extra_large,5.74E+05
783,2017-12-10,conventional,2017,1.03,extra_large,3.98E+05
784,2017-12-03,conventional,2017,1.09,extra_large,5.84E+05
785,2017-11-26,conventional,2017,1.24,extra_large,3.80E+05
786,2017-11-19,conventional,2017,1.17,extra_large,4.16E+05
787,2017-11-12,conventional,2017,1.15,extra_large,4.17E+05
788,2017-11-05,conventional,2017,1.19,extra_large,4.00E+05
789,2017-10-29,conventional,2017,1.29,extra_large,4.25E+05
790,2017-10-22,conventional,2017,1.44,extra_large,4.10E+05
791,2017-10-15,conventional,2017,1.58,extra_large,3.92E+05
792,2017-10-08,conventional,2017,1.65,extra_large,3.92E+05
793,2017-10-01,conventional,2017,1.64,extra_large,3.85E+05
794,2017-09-24,conventional,2017,1.62,extra_large,3.85E+05
795,2017-09-17,conventional,2017,1.57,extra_large,4.17E+05
796,2017-09-10,conventional,2017,1.56,extra_large,4.88E+05
797,2017-09-03,conventional,2017,1.57,extra_large,5.42E+05
798,2017-08-27,conventional,2017,1.47,extra_large,5.18E+05
799,2017-08-20,conventional,2017,1.41,extra_large,5.81E+05
800,2017-08-13,conventional,2017,1.33,extra_large,6.25E+05
801,2017-08-06,conventional,2017,1.33,extra_large,6.65E+05
802,2017-07-30,conventional,2017,1.32,extra_large,5.97E+05
803,2017-07-23,conventional,2017,1.31,extra_large,6.12E+05
804,2017-07-16,conventional,2017,1.33,extra_large,7.56E+05
805,2017-07-09,conventional,2017,1.17,extra_large,8.22E+05
806,2017-07-02,conventional,2017,1.21,extra_large,8.60E+05
807,2017-06-25,conventional,2017,1.17,extra_large,6.56E+05
808,2017-06-18,conventional,2017,1.18,extra_large,8.07E+05
809,2017-06-11,conventional,2017,1.21,extra_large,6.48E+05
810,2017-06-04,conventional,2017,1.24,extra_large,6.67E+05
811,2017-05-28,conventional,2017,1.28,extra_large,6.73E+05
812,2017-05-21,conventional,2017,1.26,extra_large,6.22E+05
813,2017-05-14,conventional,2017,1.19,extra_large,6.53E+05
814,2017-05-07,conventional,2017,1.09,extra_large,8.64E+05
815,2017-04-30,conventional,2017,1.18,extra_large,6.68E+05
816,2017-04-23,conventional,2017,1.18,extra_large,6.14E+05
817,2017-04-16,conventional,2017,1.23,extra_large,6.50E+05
818,2017-04-09,conventional,2017,1.21,extra_large,6.48E+05
819,2017-04-02,conventional,2017,1.21,extra_large,6.25E+05
820,2017-03-26,conventional,2017,1.24,extra_large,6.11E+05
821,2017-03-19,conventional,2017,1.25,extra_large,6.38E+05
822,2017-03-12,conventional,2017,1.22,extra_large,7.27E+05
823,2017-03-05,conventional,2017,1.13,extra_large,7.95E+05
824,2017-02-26,conventional,2017,0.99,extra_large,8.97E+05
825,2017-02-19,conventional,2017,0.99,extra_large,8.33E+05
826,2017-02-12,conventional,2017,0.87,extra_large,8.62E+05
827,2017-02-05,conventional,2017,0.77,extra_large,1.66E+06
828,2017-01-29,conventional,2017,0.96,extra_large,8.19E+05
829,2017-01-22,conventional,2017,0.94,extra_large,9.09E+05
830,2017-01-15,conventional,2017,0.98,extra_large,5.79E+05
831,2017-01-08,conventional,2017,0.99,extra_large,5.39E+05
832,2017-01-01,conventional,2017,0.89,extra_large,5.50E+05
833,2018-03-25,conventional,2018,1.03,extra_large,7.59E+05
834,2018-03-18,conventional,2018,1.05,extra_large,6.45E+05
835,2018-03-11,conventional,2018,1.09,extra_large,7.08E+05
836,2018-03-04,conventional,2018,1.07,extra_large,5.72E+05
837,2018-02-25,conventional,2018,1.06,extra_large,7.24E+05
838,2018-02-18,conventional,2018,1.08,extra_large,5.53E+05
839,2018-02-11,conventional,2018,0.97,extra_large,6.53E+05
840,2018-02-04,conventional,2018,0.87,extra_large,1.07E+06
841,2018-01-28,conventional,2018,1.09,extra_large,5.76E+05
842,2018-01-21,conventional,2018,1.08,extra_large,9.29E+05
843,2018-01-14,conventional,2018,1.2,extra_large,6.53E+05
844,2018-01-07,conventional,2018,1.13,extra_large,6.78E+05
845,2015-12-27,organic,2015,1.52,extra_large,5.84E+03
846,2015-12-20,organic,2015,1.53,extra_large,8.73E+03
847,2015-12-13,organic,2015,1.43,extra_large,1.17E+04
848,2015-12-06,organic,2015,1.52,extra_large,4.07E+03
849,2015-11-29,organic,2015,1.5,extra_large,3.75E+03
850,2015-11-22,organic,2015,1.49,extra_large,3.69E+03
851,2015-11-15,organic,2015,1.6,extra_large,3.60E+03
852,2015-11-08,organic,2015,1.54,extra_large,4.46E+03
853,2015-11-01,organic,2015,1.47,extra_large,6.58E+03
854,2015-10-25,organic,2015,1.62,extra_large,6.18E+03
855,2015-10-18,organic,2015,1.71,extra_large,5.20E+03
856,2015-10-11,organic,2015,1.69,extra_large,4.79E+03
857,2015-10-04,organic,2015,1.72,extra_large,4.09E+03
858,2015-09-27,organic,2015,1.75,extra_large,4.55E+03
859,2015-09-20,organic,2015,1.77,extra_large,4.88E+03
860,2015-09-13,organic,2015,1.8,extra_large,5.15E+03
861,2015-09-06,organic,2015,1.78,extra_large,5.89E+03
862,2015-08-30,organic,2015,1.66,extra_large,5.57E+03
863,2015-08-23,organic,2015,1.72,extra_large,5.99E+03
864,2015-08-16,organic,2015,1.75,extra_large,6.22E+03
865,2015-08-09,organic,2015,1,extra_large,6.91E+03
866,2015-08-02,organic,2015,1,extra_large,5.12E+03
867,2015-07-26,organic,2015,1,extra_large,4.39E+03
868,2015-07-19,organic,2015,1,extra_large,4.76E+03
869,2015-07-12,organic,2015,1,extra_large,5.09E+03
870,2015-07-05,organic,2015,1,extra_large,6.25E+03
871,2015-06-28,organic,2015,1.64,extra_large,5.96E+03
872,2015-06-21,organic,2015,1.66,extra_large,6.26E+03
873,2015-06-14,organic,2015,1.68,extra_large,6.90E+03
874,2015-06-07,organic,2015,1.67,extra_large,6.29E+03
875,2015-05-31,organic,2015,1.58,extra_large,6.84E+03
876,2015-05-24,organic,2015,1.59,extra_large,6.91E+03
877,2015-05-17,organic,2015,1.5,extra_large,2.20E+04
878,2015-05-10,organic,2015,1.42,extra_large,6.21E+03
879,2015-05-03,organic,2015,1.37,extra_large,8.95E+03
880,2015-04-26,organic,2015,1.45,extra_large,6.15E+03
881,2015-04-19,organic,2015,1.59,extra_large,6.47E+03
882,2015-04-12,organic,2015,1.53,extra_large,6.18E+03
883,2015-04-05,organic,2015,1.63,extra_large,6.44E+03
884,2015-03-29,organic,2015,1.6,extra_large,5.79E+03
885,2015-03-22,organic,2015,1.49,extra_large,5.29E+03
886,2015-03-15,organic,2015,1.5,extra_large,5.31E+03
887,2015-03-08,organic,2015,1.49,extra_large,5.66E+03
888,2015-03-01,organic,2015,1.4,extra_large,5.56E+03
889,2015-02-22,organic,2015,1.51,extra_large,4.88E+03
890,2015-02-15,organic,2015,1.58,extra_large,4.95E+03
891,2015-02-08,organic,2015,1.48,extra_large,5.32E+03
892,2015-02-01,organic,2015,1.36,extra_large,5.85E+03
893,2015-01-25,organic,2015,1.53,extra_large,4.75E+03
894,2015-01-18,organic,2015,1.42,extra_large,4.02E+03
895,2015-01-11,organic,2015,1.42,extra_large,3.83E+03
896,2015-01-04,organic,2015,1.46,extra_large,4.37E+03
897,2016-12-25,organic,2016,1.34,extra_large,3.42E+03
898,2016-12-18,organic,2016,1.43,extra_large,4.93E+03
899,2016-12-11,organic,2016,1.42,extra_large,6.12E+03
900,2016-12-04,organic,2016,1.56,extra_large,2.92E+03
901,2016-11-27,organic,2016,1.64,extra_large,3.38E+03
902,2016-11-20,organic,2016,1.63,extra_large,3.85E+03
903,2016-11-13,organic,2016,1.7,extra_large,3.67E+03
904,2016-11-06,organic,2016,1.68,extra_large,5.05E+03
905,2016-10-30,organic,2016,1.93,extra_large,5.66E+03
906,2016-10-23,organic,2016,1.63,extra_large,4.36E+03
907,2016-10-16,organic,2016,1.5,extra_large,4.73E+03
908,2016-10-09,organic,2016,1.52,extra_large,5.10E+03
909,2016-10-02,organic,2016,1.71,extra_large,4.90E+03
910,2016-09-25,organic,2016,1.69,extra_large,4.41E+03
911,2016-09-18,organic,2016,1.67,extra_large,4.60E+03
912,2016-09-11,organic,2016,1.52,extra_large,3.48E+03
913,2016-09-04,organic,2016,1.54,extra_large,4.65E+03
914,2016-08-28,organic,2016,1.49,extra_large,5.11E+03
915,2016-08-21,organic,2016,1.51,extra_large,5.83E+03
916,2016-08-14,organic,2016,1.48,extra_large,1.02E+04
917,2016-08-07,organic,2016,1.55,extra_large,1.07E+04
918,2016-07-31,organic,2016,1.58,extra_large,9.04E+03
919,2016-07-24,organic,2016,1.65,extra_large,8.61E+03
920,2016-07-17,organic,2016,1.63,extra_large,9.96E+03
921,2016-07-10,organic,2016,1.51,extra_large,1.22E+04
922,2016-07-03,organic,2016,1.47,extra_large,1.19E+04
923,2016-06-26,organic,2016,1.5,extra_large,6.76E+03
924,2016-06-19,organic,2016,1.45,extra_large,1.21E+04
925,2016-06-12,organic,2016,1.45,extra_large,8.63E+03
926,2016-06-05,organic,2016,1.43,extra_large,7.82E+03
927,2016-05-29,organic,2016,1.41,extra_large,1.37E+04
928,2016-05-22,organic,2016,1.36,extra_large,1.58E+04
929,2016-05-15,organic,2016,1.45,extra_large,8.12E+03
930,2016-05-08,organic,2016,1.3,extra_large,2.68E+04
931,2016-05-01,organic,2016,1.28,extra_large,2.23E+04
932,2016-04-24,organic,2016,1.25,extra_large,8.69E+03
933,2016-04-17,organic,2016,1.38,extra_large,7.88E+03
934,2016-04-10,organic,2016,1.26,extra_large,1.22E+04
935,2016-04-03,organic,2016,1.44,extra_large,8.63E+03
936,2016-03-27,organic,2016,1.44,extra_large,7.74E+03
937,2016-03-20,organic,2016,1.27,extra_large,9.43E+03
938,2016-03-13,organic,2016,1.29,extra_large,6.71E+03
939,2016-03-06,organic,2016,1.28,extra_large,5.70E+03
940,2016-02-28,organic,2016,1.44,extra_large,1.04E+04
941,2016-02-21,organic,2016,1.45,extra_large,8.63E+03
942,2016-02-14,organic,2016,1.37,extra_large,6.96E+03
943,2016-02-07,organic,2016,1.44,extra_large,8.03E+03
944,2016-01-31,organic,2016,1.43,extra_large,5.52E+03
945,2016-01-24,organic,2016,1.41,extra_large,1.29E+04
946,2016-01-17,organic,2016,1.44,extra_large,1.31E+04
947,2016-01-10,organic,2016,1.35,extra_large,8.77E+03
948,2016-01-03,organic,2016,1.43,extra_large,7.75E+03
949,2017-12-31,organic,2017,1.52,extra_large,1.28E+03
950,2017-12-24,organic,2017,1.64,extra_large,1.14E+03
951,2017-12-17,organic,2017,1.57,extra_large,9.83E+02
952,2017-12-10,organic,2017,1.54,extra_large,1.00E+03
953,2017-12-03,organic,2017,1.62,extra_large,1.11E+03
954,2017-11-26,organic,2017,1.72,extra_large,9.78E+02
955,2017-11-19,organic,2017,1.77,extra_large,8.34E+02
956,2017-11-12,organic,2017,1.81,extra_large,1.08E+03
957,2017-11-05,organic,2017,1.82,extra_large,1.06E+03
958,2017-10-29,organic,2017,1.84,extra_large,1.15E+03
959,2017-10-22,organic,2017,1.82,extra_large,1.31E+03
960,2017-10-15,organic,2017,1.85,extra_large,1.37E+03
961,2017-10-08,organic,2017,1.9,extra_large,1.23E+03
962,2017-10-01,organic,2017,1.95,extra_large,1.97E+03
963,2017-09-24,organic,2017,1.94,extra_large,1.18E+03
964,2017-09-17,organic,2017,2,extra_large,8.92E+02
965,2017-09-10,organic,2017,2.03,extra_large,9.41E+02
966,2017-09-03,organic,2017,2.06,extra_large,2.26E+03
967,2017-08-27,organic,2017,2.09,extra_large,2.12E+03
968,2017-08-20,organic,2017,1.96,extra_large,1.15E+03
969,2017-08-13,organic,2017,1.88,extra_large,1.41E+03
970,2017-08-06,organic,2017,1.83,extra_large,1.55E+03
971,2017-07-30,organic,2017,1.78,extra_large,2.14E+03
972,2017-07-23,organic,2017,1.76,extra_large,3.70E+03
973,2017-07-16,organic,2017,1.78,extra_large,4.77E+03
974,2017-07-09,organic,2017,1.71,extra_large,3.43E+03
975,2017-07-02,organic,2017,1.74,extra_large,3.39E+03
976,2017-06-25,organic,2017,1.77,extra_large,2.61E+03
977,2017-06-18,organic,2017,1.71,extra_large,2.14E+03
978,2017-06-11,organic,2017,1.56,extra_large,3.62E+03
979,2017-06-04,organic,2017,1.64,extra_large,2.87E+03
980,2017-05-28,organic,2017,1.69,extra_large,3.20E+03
981,2017-05-21,organic,2017,1.71,extra_large,4.32E+03
982,2017-05-14,organic,2017,1.55,extra_large,4.62E+03
983,2017-05-07,organic,2017,1.57,extra_large,4.16E+03
984,2017-04-30,organic,2017,1.68,extra_large,5.19E+03
985,2017-04-23,organic,2017,1.61,extra_large,3.25E+03
986,2017-04-16,organic,2017,1.49,extra_large,5.10E+03
987,2017-04-09,organic,2017,1.43,extra_large,8.97E+03
988,2017-04-02,organic,2017,1.42,extra_large,3.77E+03
989,2017-03-26,organic,2017,1.29,extra_large,3.89E+03
990,2017-03-19,organic,2017,1.5,extra_large,3.31E+03
991,2017-03-12,organic,2017,1.38,extra_large,3.19E+03
992,2017-03-05,organic,2017,1.16,extra_large,2.54E+03
993,2017-02-26,organic,2017,1.21,extra_large,3.75E+03
994,2017-02-19,organic,2017,1.31,extra_large,3.30E+03
995,2017-02-12,organic,2017,1.41,extra_large,3.49E+03
996,2017-02-05,organic,2017,1.36,extra_large,2.24E+03
997,2017-01-29,organic,2017,1.43,extra_large,3.53E+03
998,2017-01-22,organic,2017,1.37,extra_large,6.71E+03
999,2017-01-15,organic,2017,1.44,extra_large,8.75E+03
1000,2017-01-08,organic,2017,1.43,extra_large,8.70E+03
1001,2017-01-01,organic,2017,1.48,extra_large,4.43E+03
1002,2018-03-25,organic,2018,1.55,extra_large,1.07E+03
1003,2018-03-18,organic,2018,1.54,extra_large,1.05E+03
1004,2018-03-11,organic,2018,1.52,extra_large,1.40E+03
1005,2018-03-04,organic,2018,1.52,extra_large,1.23E+03
1006,2018-02-25,organic,2018,1.57,extra_large,1.06E+03
1007,2018-02-18,organic,2018,1.52,extra_large,1.91E+03
1008,2018-02-11,organic,2018,1.56,extra_large,1.84E+03
1009,2018-02-04,organic,2018,1.53,extra_large,1.70E+03
1010,2018-01-28,organic,2018,1.61,extra_large,1.27E+03
1011,2018-01-21,organic,2018,1.63,extra_large,1.49E+03
1012,2018-01-14,organic,2018,1.59,extra_large,1.58E+03
1013,2018-01-07,organic,2018,1.51,extra_large,1.29E+03
